/*
SQLyog Professional v12.09 (64 bit)
MySQL - 8.0.11 : Database - java_lab2
*********************************************************************
*/

/*!40101 SET NAMES utf8 */;

/*!40101 SET SQL_MODE=''*/;

/*!40014 SET @OLD_UNIQUE_CHECKS=@@UNIQUE_CHECKS, UNIQUE_CHECKS=0 */;
/*!40014 SET @OLD_FOREIGN_KEY_CHECKS=@@FOREIGN_KEY_CHECKS, FOREIGN_KEY_CHECKS=0 */;
/*!40101 SET @OLD_SQL_MODE=@@SQL_MODE, SQL_MODE='NO_AUTO_VALUE_ON_ZERO' */;
/*!40111 SET @OLD_SQL_NOTES=@@SQL_NOTES, SQL_NOTES=0 */;
CREATE DATABASE /*!32312 IF NOT EXISTS*/`java_lab2` /*!40100 DEFAULT CHARACTER SET utf8mb4 COLLATE utf8mb4_0900_ai_ci */;

USE `java_lab2`;

/*Table structure for table `department` */

DROP TABLE IF EXISTS `department`;

CREATE TABLE `department` (
  `depid` char(6) NOT NULL,
  `name` char(10) NOT NULL,
  `py` char(8) NOT NULL,
  PRIMARY KEY (`depid`)
) ENGINE=InnoDB DEFAULT CHARSET=utf8;

/*Data for the table `department` */

insert  into `department`(`depid`,`name`,`py`) values ('01','内科','neike'),('02','外科','waike'),('03','妇产科','fuchanke'),('04','生殖中心','shengzhi'),('05','儿科','erke'),('06','骨外科','guwaike'),('07','眼科','yanke'),('08','口腔科','kouqiang'),('09','耳鼻咽喉头颈科','erbiyanh'),('10','肿瘤科','zhongliu'),('11','皮肤科','pifuke'),('12','男性学科','nanxingx'),('13','皮肤美容','pifumeir'),('14','烧伤科','shaoshan'),('15','精神心理科','jinshenx'),('16','中医科','zhongyik');

/*Table structure for table `doctor` */

DROP TABLE IF EXISTS `doctor`;

CREATE TABLE `doctor` (
  `docid` char(6) NOT NULL,
  `depid` char(6) NOT NULL,
  `name` char(10) NOT NULL,
  `py` char(4) DEFAULT NULL,
  `password` char(8) NOT NULL,
  `speciallist` tinyint(1) NOT NULL,
  `last_login_datetime` datetime NOT NULL DEFAULT CURRENT_TIMESTAMP ON UPDATE CURRENT_TIMESTAMP,
  PRIMARY KEY (`docid`),
  KEY `depid` (`depid`),
  CONSTRAINT `doctor_ibfk_1` FOREIGN KEY (`depid`) REFERENCES `department` (`depid`)
) ENGINE=InnoDB DEFAULT CHARSET=utf8;

/*Data for the table `doctor` */

insert  into `doctor`(`docid`,`depid`,`name`,`py`,`password`,`speciallist`,`last_login_datetime`) values ('001','03','林鹏鲲','linp','001001',0,'2019-04-26 17:42:12'),('002','15','金德元','jind','002002',1,'0000-00-00 00:00:00'),('003','04','邵弘济','shao','003003',0,'0000-00-00 00:00:00'),('004','14','熊向荣','xion','004004',0,'0000-00-00 00:00:00'),('005','10','方成文','fang','005005',1,'0000-00-00 00:00:00'),('006','13','赖阳秋','laiy','006006',1,'0000-00-00 00:00:00'),('007','12','易承颜','yich','007007',0,'0000-00-00 00:00:00'),('008','01','孙康盛','sunk','008008',1,'0000-00-00 00:00:00'),('009','16','杜烨华','duye','009009',0,'0000-00-00 00:00:00'),('010','08','谭欣荣','tanx','010010',1,'0000-00-00 00:00:00'),('011','09','乔良才','qiao','011011',0,'0000-00-00 00:00:00'),('012','16','丁志用','ding','012012',1,'0000-00-00 00:00:00'),('013','15','萧良哲','xiao','013013',0,'0000-00-00 00:00:00'),('014','10','崔欣然','cuix','014014',1,'0000-00-00 00:00:00'),('015','08','漕瀚玥','caoh','015015',1,'0000-00-00 00:00:00'),('016','13','邵永怡','shao','016016',0,'0000-00-00 00:00:00'),('017','09','王乐意','wang','017017',1,'0000-00-00 00:00:00'),('018','02','段嘉熙','duan','018018',0,'0000-00-00 00:00:00'),('019','02','李光耀','ligu','019019',0,'0000-00-00 00:00:00'),('020','13','白飞鸾','baif','020020',0,'0000-00-00 00:00:00'),('021','01','白昊空','baih','021021',0,'0000-00-00 00:00:00'),('022','12','段华藏','duan','022022',0,'0000-00-00 00:00:00'),('023','14','贺英博','heyi','023023',0,'0000-00-00 00:00:00'),('024','03','沈才艺','shen','024024',1,'0000-00-00 00:00:00'),('025','04','邹涵意','zouh','025025',0,'2018-05-04 01:43:56'),('026','01','万鹏鹍','wanp','026026',1,'0000-00-00 00:00:00'),('027','04','侯涵亮','houh','027027',1,'0000-00-00 00:00:00'),('028','06','罗光赫','luog','028028',0,'0000-00-00 00:00:00'),('029','10','康修平','kang','029029',0,'0000-00-00 00:00:00'),('030','06','文昊昊','wenh','030030',0,'0000-00-00 00:00:00'),('031','09','蒋明煦','jian','031031',1,'0000-00-00 00:00:00'),('032','03','赵和璧','zhao','032032',1,'0000-00-00 00:00:00'),('033','09','董作人','dong','033033',1,'0000-00-00 00:00:00'),('034','05','毛文翰','maow','034034',0,'0000-00-00 00:00:00'),('035','08','彭锐思','peng','035035',0,'0000-00-00 00:00:00'),('036','10','邵雨信','shao','036036',0,'0000-00-00 00:00:00'),('037','11','马茂材','mama','037037',1,'0000-00-00 00:00:00'),('038','06','史星汉','shix','038038',1,'0000-00-00 00:00:00'),('039','10','钱宏硕','qian','039039',0,'0000-00-00 00:00:00'),('040','15','周康顺','zhou','040040',0,'0000-00-00 00:00:00'),('041','03','潘修伟','panx','041041',0,'0000-00-00 00:00:00'),('042','15','周智敏','zhou','042042',1,'0000-00-00 00:00:00'),('043','12','邵嘉胜','shao','043043',1,'0000-00-00 00:00:00'),('044','12','王天翰','wang','044044',0,'0000-00-00 00:00:00'),('045','09','侯哲茂','houz','045045',0,'0000-00-00 00:00:00'),('046','01','潘元恺','pany','046046',0,'0000-00-00 00:00:00'),('047','16','王德润','wang','047047',0,'0000-00-00 00:00:00'),('048','08','卢子默','luzi','048048',0,'0000-00-00 00:00:00'),('049','06','刘昂雄','liua','049049',0,'0000-00-00 00:00:00'),('050','03','崔天翰','cuit','050050',1,'0000-00-00 00:00:00'),('051','06','邱千城','qiuq','051051',0,'0000-00-00 00:00:00'),('052','01','高霞姝','gaox','052052',0,'0000-00-00 00:00:00'),('053','15','田锦婷','tian','053053',0,'0000-00-00 00:00:00'),('054','07','戴玉英','daiy','054054',1,'0000-00-00 00:00:00'),('055','02','冯杏儿','feng','055055',1,'0000-00-00 00:00:00'),('056','04','陈英慧','chen','056056',1,'0000-00-00 00:00:00'),('057','01','蒋听莲','jian','057057',1,'0000-00-00 00:00:00'),('058','01','白安蕾','baia','058058',0,'0000-00-00 00:00:00'),('059','01','康傲玉','kang','059059',1,'0000-00-00 00:00:00'),('060','08','郝怜云','haol','060060',1,'0000-00-00 00:00:00'),('061','10','崔秋荣','cuiq','061061',0,'0000-00-00 00:00:00'),('062','08','阎平和','yanp','062062',1,'0000-00-00 00:00:00'),('063','13','郑妙晴','zhen','063063',1,'0000-00-00 00:00:00'),('064','04','熊思卉','xion','064064',1,'0000-00-00 00:00:00'),('065','07','孙亦玉','suny','065065',1,'0000-00-00 00:00:00'),('066','16','蔡姣妍','caij','066066',0,'0000-00-00 00:00:00'),('067','13','谢恬畅','xiet','067067',0,'0000-00-00 00:00:00'),('068','04','孙盼海','sunp','068068',1,'0000-00-00 00:00:00'),('069','12','徐迎天','xuyi','069069',1,'0000-00-00 00:00:00'),('070','16','黄明艳','huan','070070',0,'0000-00-00 00:00:00'),('071','02','汪乐之','wang','071071',0,'0000-00-00 00:00:00'),('072','05','段雯丽','duan','072072',0,'0000-00-00 00:00:00'),('073','06','秦佳洁','qinj','073073',0,'0000-00-00 00:00:00'),('074','11','傅雨灵','fuyu','074074',0,'0000-00-00 00:00:00'),('075','15','龙兰英','long','075075',0,'0000-00-00 00:00:00'),('076','03','李莉娉','lili','076076',0,'0000-00-00 00:00:00'),('077','15','孟燕岚','meng','077077',0,'0000-00-00 00:00:00'),('078','14','吕赞怡','lvza','078078',0,'0000-00-00 00:00:00'),('079','15','董颀秀','dong','079079',0,'0000-00-00 00:00:00'),('080','16','金苏凌','jins','080080',0,'0000-00-00 00:00:00'),('081','07','许怜梦','xuli','081081',1,'0000-00-00 00:00:00'),('082','09','赵会雯','zhao','082082',1,'0000-00-00 00:00:00'),('083','05','龚念梦','gong','083083',0,'0000-00-00 00:00:00'),('084','11','孟阳阳','meng','084084',0,'0000-00-00 00:00:00'),('085','05','钟冬亦','zhon','085085',0,'0000-00-00 00:00:00'),('086','01','黎谷兰','ligu','086086',0,'0000-00-00 00:00:00'),('087','04','卢巧荷','luqi','087087',0,'0000-00-00 00:00:00'),('088','10','傅颀秀','fuke','088088',0,'0000-00-00 00:00:00'),('089','02','谢迎蕾','xiey','089089',0,'0000-00-00 00:00:00'),('090','12','罗梦香','luom','090090',0,'0000-00-00 00:00:00'),('091','04','贺玉珂','heyu','091091',1,'0000-00-00 00:00:00'),('092','13','黎琼芳','liqi','092092',1,'0000-00-00 00:00:00'),('093','14','程笑雯','chen','093093',0,'0000-00-00 00:00:00'),('094','02','冯冰巧','feng','094094',1,'0000-00-00 00:00:00'),('095','05','朱宫莹','zhug','095095',1,'0000-00-00 00:00:00'),('096','14','陈问萍','chen','096096',1,'0000-00-00 00:00:00'),('097','05','魏冰之','weib','097097',1,'0000-00-00 00:00:00'),('098','03','董寒荷','dong','098098',1,'0000-00-00 00:00:00'),('099','12','罗韵梅','luoy','099099',1,'0000-00-00 00:00:00'),('100','07','叶芸欣','yeyu','100100',1,'0000-00-00 00:00:00'),('101','13','朱忆敏','zhuy','101101',0,'0000-00-00 00:00:00'),('102','13','白萦心','baiy','102102',1,'0000-00-00 00:00:00'),('103','04','孔卓逸','kong','103103',1,'0000-00-00 00:00:00'),('104','05','周余馥','zhou','104104',0,'0000-00-00 00:00:00'),('105','11','梁凡波','lian','105105',1,'0000-00-00 00:00:00'),('106','04','卢韵诗','luyu','106106',1,'0000-00-00 00:00:00'),('107','08','邱爰美','qiuy','107107',0,'0000-00-00 00:00:00'),('108','12','李清怡','liqi','108108',1,'0000-00-00 00:00:00'),('109','10','彭晶燕','peng','109109',1,'0000-00-00 00:00:00'),('110','07','汤静美','tang','110110',0,'0000-00-00 00:00:00'),('111','03','汪彦露','wang','111111',0,'2019-04-25 01:00:59'),('112','04','傅梓琬','fuzi','112112',0,'0000-00-00 00:00:00'),('113','01','冯雅旋','feng','113113',0,'0000-00-00 00:00:00'),('114','14','田忆辰','tian','114114',0,'0000-00-00 00:00:00'),('115','16','阎悦宜','yany','115115',0,'0000-00-00 00:00:00'),('116','05','罗郁蓝','luoy','116116',0,'0000-00-00 00:00:00'),('117','02','汪白山','wang','117117',0,'0000-00-00 00:00:00'),('118','09','贺忆灵','heyi','118118',1,'0000-00-00 00:00:00'),('119','15','康玲玲','kang','119119',1,'0000-00-00 00:00:00'),('120','09','漕芮欢','caor','120120',0,'0000-00-00 00:00:00'),('121','15','赖孤云','laig','121121',1,'0000-00-00 00:00:00'),('122','16','赵朗宁','zhao','122122',1,'0000-00-00 00:00:00'),('123','12','唐洁雅','tang','123123',1,'0000-00-00 00:00:00'),('124','13','高婷秀','gaot','124124',1,'0000-00-00 00:00:00'),('125','04','钟晓枫','zhon','125125',0,'0000-00-00 00:00:00'),('126','08','周问蕊','zhou','126126',1,'0000-00-00 00:00:00'),('127','06','文紫薰','wenz','127127',1,'0000-00-00 00:00:00'),('128','07','武綪纶','wulu','128128',0,'0000-00-00 00:00:00'),('129','04','杜月桂','duyu','129129',1,'0000-00-00 00:00:00'),('130','07','范若华','fanr','130130',0,'0000-00-00 00:00:00'),('131','05','赖清宁','laiq','131131',0,'0000-00-00 00:00:00'),('132','12','赖彦杉','laiy','132132',0,'0000-00-00 00:00:00'),('133','12','徐新之','xuxi','133133',0,'0000-00-00 00:00:00'),('134','05','田以蓝','tian','134134',0,'0000-00-00 00:00:00'),('135','12','方七锦','fang','135135',1,'0000-00-00 00:00:00'),('136','15','高秋莲','gaoq','136136',1,'0000-00-00 00:00:00'),('137','13','龚唱月','gong','137137',0,'0000-00-00 00:00:00'),('138','10','陆觅翠','lumi','138138',1,'0000-00-00 00:00:00'),('139','11','杨咸英','yang','139139',0,'0000-00-00 00:00:00'),('140','07','黄胤文','huan','140140',1,'0000-00-00 00:00:00'),('141','06','傅春柏','fuch','141141',1,'0000-00-00 00:00:00'),('142','04','漕艳蓉','caoy','142142',0,'0000-00-00 00:00:00'),('143','16','蒋幻香','jian','143143',0,'0000-00-00 00:00:00'),('144','07','郝白安','haob','144144',1,'0000-00-00 00:00:00'),('145','15','钱从阳','qian','145145',1,'0000-00-00 00:00:00'),('146','01','邹宜楠','zouy','146146',0,'0000-00-00 00:00:00'),('147','12','贺闲华','hexi','147147',0,'0000-00-00 00:00:00'),('148','09','彭由希','peng','148148',1,'0000-00-00 00:00:00'),('149','10','赖昭懿','laiz','149149',1,'0000-00-00 00:00:00'),('150','01','胡思勖','husi','150150',1,'0000-00-00 00:00:00'),('151','01','徐光磊','gray','000000',1,'2019-04-10 23:02:50');

/*Table structure for table `patient` */

DROP TABLE IF EXISTS `patient`;

CREATE TABLE `patient` (
  `pid` int(3) unsigned zerofill NOT NULL AUTO_INCREMENT,
  `name` char(10) NOT NULL,
  `password` char(8) NOT NULL,
  `balance` decimal(10,2) unsigned zerofill NOT NULL DEFAULT '00000000.00',
  `last_login_datetime` datetime NOT NULL DEFAULT CURRENT_TIMESTAMP ON UPDATE CURRENT_TIMESTAMP,
  PRIMARY KEY (`pid`)
) ENGINE=InnoDB AUTO_INCREMENT=406 DEFAULT CHARSET=utf8;

/*Data for the table `patient` */

insert  into `patient`(`pid`,`name`,`password`,`balance`,`last_login_datetime`) values (001,'巴睿才','123456','00009224.33','2019-04-26 17:33:32'),(002,'满明远','002002','00000039.60','2019-04-25 17:36:49'),(003,'甘宾鸿','003003','00000024.61','0000-00-00 00:00:00'),(004,'仰德寿','004004','00000050.40','0000-00-00 00:00:00'),(005,'阚思聪','005005','00000031.72','0000-00-00 00:00:00'),(006,'后飞白','006006','00000062.92','0000-00-00 00:00:00'),(007,'彭安康','007007','00000091.95','0000-00-00 00:00:00'),(008,'农星雨','008008','00000094.90','2018-05-03 21:59:33'),(009,'贾阳伯','009009','00000037.18','0000-00-00 00:00:00'),(010,'冷修文','010010','00000004.45','0000-00-00 00:00:00'),(011,'松宜人','011011','00000054.18','0000-00-00 00:00:00'),(012,'双康裕','012012','00000079.61','0000-00-00 00:00:00'),(013,'吴咏德','013013','00000017.20','0000-00-00 00:00:00'),(014,'桂子民','014014','00000072.97','0000-00-00 00:00:00'),(015,'靳心思','015015','00000075.52','0000-00-00 00:00:00'),(016,'印瀚漠','016016','00000012.89','0000-00-00 00:00:00'),(017,'朱子墨','017017','00000036.10','0000-00-00 00:00:00'),(018,'空俊友','018018','00000081.33','0000-00-00 00:00:00'),(019,'司茂才','019019','00000003.89','0000-00-00 00:00:00'),(020,'那弘毅','020020','00000025.37','0000-00-00 00:00:00'),(021,'王锐逸','021021','00000098.82','0000-00-00 00:00:00'),(022,'杨烨熠','022022','00000069.83','0000-00-00 00:00:00'),(023,'武成双','023023','00000036.98','0000-00-00 00:00:00'),(024,'束睿明','024024','00000020.60','0000-00-00 00:00:00'),(025,'燕兴发','025025','00000053.14','0000-00-00 00:00:00'),(026,'朱鸿风','026026','00000014.78','0000-00-00 00:00:00'),(027,'越琪睿','027027','00000022.00','0000-00-00 00:00:00'),(028,'尹阳飇','028028','00000006.81','0000-00-00 00:00:00'),(029,'冷乐人','029029','00000083.66','0000-00-00 00:00:00'),(030,'乔兴生','030030','00000021.50','0000-00-00 00:00:00'),(031,'濮浩涆','031031','00000088.46','0000-00-00 00:00:00'),(032,'沃高驰','032032','00000012.52','0000-00-00 00:00:00'),(033,'赖锐立','033033','00000078.80','0000-00-00 00:00:00'),(034,'任阳晖','034034','00000081.40','0000-00-00 00:00:00'),(035,'田丰羽','035035','00000093.56','0000-00-00 00:00:00'),(036,'梁经赋','036036','00000028.10','0000-00-00 00:00:00'),(037,'孔子昂','037037','00000077.25','0000-00-00 00:00:00'),(038,'宋景曜','038038','00000075.51','0000-00-00 00:00:00'),(039,'尹修明','039039','00000020.31','0000-00-00 00:00:00'),(040,'阴新荣','040040','00000039.76','0000-00-00 00:00:00'),(041,'郭飞尘','041041','00000054.13','0000-00-00 00:00:00'),(042,'韩成礼','042042','00000065.88','0000-00-00 00:00:00'),(043,'杜逸仙','043043','00000046.36','0000-00-00 00:00:00'),(044,'郁鹏池','044044','00000044.32','0000-00-00 00:00:00'),(045,'游自明','045045','00000019.78','0000-00-00 00:00:00'),(046,'耿承基','046046','00000075.96','0000-00-00 00:00:00'),(047,'宰坚成','047047','00000076.49','0000-00-00 00:00:00'),(048,'逢阳朔','048048','00000052.44','0000-00-00 00:00:00'),(049,'尹良畴','049049','00000069.55','0000-00-00 00:00:00'),(050,'厍文昌','050050','00000016.17','0000-00-00 00:00:00'),(051,'咸凯旋','051051','00000005.10','0000-00-00 00:00:00'),(052,'申斯伯','052052','00000034.81','0000-00-00 00:00:00'),(053,'家高丽','053053','00000036.63','0000-00-00 00:00:00'),(054,'鄂元思','054054','00000069.79','0000-00-00 00:00:00'),(055,'翟奇略','055055','00000040.94','0000-00-00 00:00:00'),(056,'惠睿范','056056','00000007.86','0000-00-00 00:00:00'),(057,'蒙德本','057057','00000045.47','0000-00-00 00:00:00'),(058,'富子安','058058','00000074.83','0000-00-00 00:00:00'),(059,'冉俊发','059059','00000055.30','0000-00-00 00:00:00'),(060,'盖英睿','060060','00000029.60','0000-00-00 00:00:00'),(061,'牧志勇','061061','00000032.13','0000-00-00 00:00:00'),(062,'简英勋','062062','00000012.19','0000-00-00 00:00:00'),(063,'戈建章','063063','00000019.88','0000-00-00 00:00:00'),(064,'杨鸿卓','064064','00000076.20','0000-00-00 00:00:00'),(065,'从永望','065065','00000043.20','0000-00-00 00:00:00'),(066,'吕俊侠','066066','00000038.73','0000-00-00 00:00:00'),(067,'伊雪峰','067067','00000073.42','0000-00-00 00:00:00'),(068,'顾自珍','068068','00000090.75','0000-00-00 00:00:00'),(069,'养高扬','069069','00000092.19','0000-00-00 00:00:00'),(070,'朱同济','070070','00000009.90','0000-00-00 00:00:00'),(071,'束凯风','071071','00000034.37','0000-00-00 00:00:00'),(072,'谢弘业','072072','00000084.89','0000-00-00 00:00:00'),(073,'乌建明','073073','00000032.51','0000-00-00 00:00:00'),(074,'徐鹏云','074074','00000054.35','0000-00-00 00:00:00'),(075,'韶凯唱','075075','00000000.13','0000-00-00 00:00:00'),(076,'毋景龙','076076','00000040.32','0000-00-00 00:00:00'),(077,'钟明诚','077077','00000053.42','0000-00-00 00:00:00'),(078,'易俊材','078078','00000061.44','0000-00-00 00:00:00'),(079,'相鸿波','079079','00000026.32','0000-00-00 00:00:00'),(080,'戴高芬','080080','00000054.75','0000-00-00 00:00:00'),(081,'寇彭魄','081081','00000095.26','0000-00-00 00:00:00'),(082,'孙彬炳','082082','00000040.62','0000-00-00 00:00:00'),(083,'隗博易','083083','00000039.70','0000-00-00 00:00:00'),(084,'家俊晤','084084','00000042.66','0000-00-00 00:00:00'),(085,'温宇文','085085','00000093.13','0000-00-00 00:00:00'),(086,'崔凯定','086086','00000022.55','0000-00-00 00:00:00'),(087,'熊飞鹏','087087','00000035.52','0000-00-00 00:00:00'),(088,'瞿宏盛','088088','00000059.33','0000-00-00 00:00:00'),(089,'蔚高芬','089089','00000087.15','0000-00-00 00:00:00'),(090,'黎鸿彩','090090','00000017.94','0000-00-00 00:00:00'),(091,'芮英耀','091091','00000055.41','0000-00-00 00:00:00'),(092,'汤修明','092092','00000059.37','0000-00-00 00:00:00'),(093,'权光华','093093','00000090.15','0000-00-00 00:00:00'),(094,'姚德佑','094094','00000053.85','0000-00-00 00:00:00'),(095,'储光远','095095','00000063.50','0000-00-00 00:00:00'),(096,'姜凯歌','096096','00000058.72','0000-00-00 00:00:00'),(097,'寇华彩','097097','00000040.95','0000-00-00 00:00:00'),(098,'莘蕴和','098098','00000045.57','0000-00-00 00:00:00'),(099,'谢靖琪','099099','00000037.65','0000-00-00 00:00:00'),(100,'常华翰','100100','00000002.52','0000-00-00 00:00:00'),(101,'向英卫','101101','00000027.50','0000-00-00 00:00:00'),(102,'桂俊材','102102','00000024.51','0000-00-00 00:00:00'),(103,'欧承天','103103','00000071.82','0000-00-00 00:00:00'),(104,'丁正业','104104','00000008.19','0000-00-00 00:00:00'),(105,'马嘉树','105105','00000095.50','0000-00-00 00:00:00'),(106,'梁良朋','106106','00000088.28','0000-00-00 00:00:00'),(107,'益鹏鹍','107107','00000048.61','0000-00-00 00:00:00'),(108,'宁康宁','108108','00000081.77','0000-00-00 00:00:00'),(109,'傅嘉祯','109109','00000050.21','0000-00-00 00:00:00'),(110,'郝奇致','110110','00000018.95','0000-00-00 00:00:00'),(111,'钟正真','111111','00000011.74','0000-00-00 00:00:00'),(112,'祖涵映','112112','00000088.69','0000-00-00 00:00:00'),(113,'乜雅达','113113','00000009.35','0000-00-00 00:00:00'),(114,'郝元武','114114','00000013.64','0000-00-00 00:00:00'),(115,'厉雅惠','115115','00000001.60','0000-00-00 00:00:00'),(116,'籍正志','116116','00000055.78','0000-00-00 00:00:00'),(117,'焦正雅','117117','00000063.70','0000-00-00 00:00:00'),(118,'叶良畴','118118','00000044.35','0000-00-00 00:00:00'),(119,'邴俊弼','119119','00000024.64','0000-00-00 00:00:00'),(120,'宰成仁','120120','00000036.78','0000-00-00 00:00:00'),(121,'董宏达','121121','00000009.60','0000-00-00 00:00:00'),(122,'邹作人','122122','00000041.16','0000-00-00 00:00:00'),(123,'殳雨华','123123','00000092.81','0000-00-00 00:00:00'),(124,'黎修齐','124124','00000032.47','0000-00-00 00:00:00'),(125,'殳祺福','125125','00000097.13','0000-00-00 00:00:00'),(126,'聂文德','126126','00000011.40','0000-00-00 00:00:00'),(127,'蒯经纬','127127','00000013.10','0000-00-00 00:00:00'),(128,'唐俊爽','128128','00000018.15','0000-00-00 00:00:00'),(129,'丁鹏鹍','129129','00000049.52','0000-00-00 00:00:00'),(130,'乌学林','130130','00000002.74','0000-00-00 00:00:00'),(131,'终瀚玥','131131','00000075.90','0000-00-00 00:00:00'),(132,'孟德明','132132','00000022.65','0000-00-00 00:00:00'),(133,'勾俊民','133133','00000005.33','0000-00-00 00:00:00'),(134,'常高原','134134','00000061.70','0000-00-00 00:00:00'),(135,'薛德馨','135135','00000062.24','0000-00-00 00:00:00'),(136,'阙俊逸','136136','00000086.80','0000-00-00 00:00:00'),(137,'金泰平','137137','00000064.28','0000-00-00 00:00:00'),(138,'游德寿','138138','00000018.63','0000-00-00 00:00:00'),(139,'于心水','139139','00000016.10','0000-00-00 00:00:00'),(140,'叶英武','140140','00000076.55','0000-00-00 00:00:00'),(141,'益弘光','141141','00000092.19','0000-00-00 00:00:00'),(142,'田天和','142142','00000095.63','0000-00-00 00:00:00'),(143,'庾明旭','143143','00000048.14','0000-00-00 00:00:00'),(144,'索安怡','144144','00000041.15','0000-00-00 00:00:00'),(145,'隗元良','145145','00000097.83','0000-00-00 00:00:00'),(146,'瞿昊英','146146','00000074.68','0000-00-00 00:00:00'),(147,'陈光启','147147','00000050.80','0000-00-00 00:00:00'),(148,'汪阳煦','148148','00000020.41','0000-00-00 00:00:00'),(149,'蓬和惬','149149','00000098.19','0000-00-00 00:00:00'),(150,'司和怡','150150','00000081.10','0000-00-00 00:00:00'),(151,'巢景曜','151151','00000031.35','0000-00-00 00:00:00'),(152,'孟明杰','152152','00000058.43','0000-00-00 00:00:00'),(153,'邓雪风','153153','00000074.24','0000-00-00 00:00:00'),(154,'龚高杰','154154','00000088.60','0000-00-00 00:00:00'),(155,'后安然','155155','00000063.60','0000-00-00 00:00:00'),(156,'伊安平','156156','00000088.23','0000-00-00 00:00:00'),(157,'魏英勋','157157','00000077.80','0000-00-00 00:00:00'),(158,'黎君昊','158158','00000015.39','0000-00-00 00:00:00'),(159,'阙涵涤','159159','00000055.55','0000-00-00 00:00:00'),(160,'双新知','160160','00000063.50','0000-00-00 00:00:00'),(161,'容煜祺','161161','00000066.29','0000-00-00 00:00:00'),(162,'寿良吉','162162','00000061.54','0000-00-00 00:00:00'),(163,'谢明旭','163163','00000051.61','0000-00-00 00:00:00'),(164,'寿展鹏','164164','00000015.21','0000-00-00 00:00:00'),(165,'邱浩歌','165165','00000012.40','0000-00-00 00:00:00'),(166,'莘明志','166166','00000043.51','0000-00-00 00:00:00'),(167,'羿英朗','167167','00000083.30','0000-00-00 00:00:00'),(168,'慕嘉石','168168','00000010.38','0000-00-00 00:00:00'),(169,'饶天禄','169169','00000034.94','0000-00-00 00:00:00'),(170,'贾天宇','170170','00000073.70','0000-00-00 00:00:00'),(171,'司弘量','171171','00000021.19','0000-00-00 00:00:00'),(172,'古滨海','172172','00000037.96','0000-00-00 00:00:00'),(173,'邴光远','173173','00000073.18','0000-00-00 00:00:00'),(174,'傅飞光','174174','00000012.75','0000-00-00 00:00:00'),(175,'厉学民','175175','00000044.45','0000-00-00 00:00:00'),(176,'姚凯定','176176','00000050.10','0000-00-00 00:00:00'),(177,'容鹏赋','177177','00000083.31','0000-00-00 00:00:00'),(178,'晏浩宕','178178','00000078.35','0000-00-00 00:00:00'),(179,'郭睿聪','179179','00000043.38','0000-00-00 00:00:00'),(180,'融昊英','180180','00000055.35','0000-00-00 00:00:00'),(181,'甄宏朗','181181','00000091.80','0000-00-00 00:00:00'),(182,'伊高洁','182182','00000066.99','0000-00-00 00:00:00'),(183,'慎咏思','183183','00000046.38','0000-00-00 00:00:00'),(184,'越鸿祯','184184','00000051.93','0000-00-00 00:00:00'),(185,'马翰音','185185','00000087.26','0000-00-00 00:00:00'),(186,'蒙建业','186186','00000003.12','0000-00-00 00:00:00'),(187,'焦星光','187187','00000052.64','0000-00-00 00:00:00'),(188,'程景同','188188','00000067.37','0000-00-00 00:00:00'),(189,'孙翰翮','189189','00000021.62','0000-00-00 00:00:00'),(190,'罗康平','190190','00000092.43','0000-00-00 00:00:00'),(191,'终烨烨','191191','00000081.19','0000-00-00 00:00:00'),(192,'焦嘉运','192192','00000033.48','0000-00-00 00:00:00'),(193,'慎鸿羲','193193','00000076.37','0000-00-00 00:00:00'),(194,'逯波鸿','194194','00000094.45','0000-00-00 00:00:00'),(195,'孟睿诚','195195','00000079.46','0000-00-00 00:00:00'),(196,'饶俊名','196196','00000083.43','0000-00-00 00:00:00'),(197,'曾向晨','197197','00000041.28','0000-00-00 00:00:00'),(198,'卓嘉木','198198','00000072.17','0000-00-00 00:00:00'),(199,'詹承泽','199199','00000070.98','0000-00-00 00:00:00'),(200,'谷阳炎','200200','00000008.57','0000-00-00 00:00:00'),(201,'庾兰蕙','201201','00000086.45','0000-00-00 00:00:00'),(202,'阴晗玥','202202','00000003.81','0000-00-00 00:00:00'),(203,'袁弘懿','203203','00000066.84','0000-00-00 00:00:00'),(204,'松以欣','204204','00000048.27','0000-00-00 00:00:00'),(205,'聂映真','205205','00000099.25','0000-00-00 00:00:00'),(206,'邰小星','206206','00000033.99','0000-00-00 00:00:00'),(207,'徐逸雅','207207','00000011.57','0000-00-00 00:00:00'),(208,'訾夏云','208208','00000081.49','0000-00-00 00:00:00'),(209,'古竹萱','209209','00000030.41','0000-00-00 00:00:00'),(210,'晃哲丽','210210','00000063.12','0000-00-00 00:00:00'),(211,'邴悦可','211211','00000008.32','0000-00-00 00:00:00'),(212,'从流惠','212212','00000075.94','0000-00-00 00:00:00'),(213,'杨芹悦','213213','00000007.70','0000-00-00 00:00:00'),(214,'寿沈靖','214214','00000082.71','0000-00-00 00:00:00'),(215,'赵绮梅','215215','00000058.70','0000-00-00 00:00:00'),(216,'咸思洁','216216','00000058.30','0000-00-00 00:00:00'),(217,'郑翠安','217217','00000028.43','0000-00-00 00:00:00'),(218,'莘天慧','218218','00000015.80','0000-00-00 00:00:00'),(219,'龚玉兰','219219','00000099.84','0000-00-00 00:00:00'),(220,'常秋芸','220220','00000017.84','0000-00-00 00:00:00'),(221,'冉灿灿','221221','00000052.64','0000-00-00 00:00:00'),(222,'邱雨雪','222222','00000030.40','0000-00-00 00:00:00'),(223,'孔如意','223223','00000062.47','0000-00-00 00:00:00'),(224,'石朝旭','224224','00000094.69','0000-00-00 00:00:00'),(225,'寇石英','225225','00000043.37','0000-00-00 00:00:00'),(226,'陆桂芳','226226','00000020.17','0000-00-00 00:00:00'),(227,'何知睿','227227','00000001.96','0000-00-00 00:00:00'),(228,'戌梦之','228228','00000094.24','0000-00-00 00:00:00'),(229,'何婧宁','229229','00000089.29','0000-00-00 00:00:00'),(230,'盖智敏','230230','00000043.28','0000-00-00 00:00:00'),(231,'古雁玉','231231','00000062.97','0000-00-00 00:00:00'),(232,'丁采薇','232232','00000030.71','0000-00-00 00:00:00'),(233,'侯盼晴','233233','00000092.14','0000-00-00 00:00:00'),(234,'空悦帆','234234','00000061.97','0000-00-00 00:00:00'),(235,'方颖馨','235235','00000047.16','0000-00-00 00:00:00'),(236,'江雨旋','236236','00000021.27','0000-00-00 00:00:00'),(237,'毋茜茜','237237','00000072.80','0000-00-00 00:00:00'),(238,'边秀筠','238238','00000051.41','0000-00-00 00:00:00'),(239,'边问丝','239239','00000027.68','0000-00-00 00:00:00'),(240,'晏秋烟','240240','00000093.43','0000-00-00 00:00:00'),(241,'逢卿蓉','241241','00000076.67','0000-00-00 00:00:00'),(242,'龙湘君','242242','00000066.57','0000-00-00 00:00:00'),(243,'晏羽莹','243243','00000081.40','0000-00-00 00:00:00'),(244,'邹桃雨','244244','00000053.89','0000-00-00 00:00:00'),(245,'充云水','245245','00000030.77','0000-00-00 00:00:00'),(246,'步心怡','246246','00000074.39','0000-00-00 00:00:00'),(247,'咸菁菁','247247','00000042.63','0000-00-00 00:00:00'),(248,'宫凌晓','248248','00000091.93','0000-00-00 00:00:00'),(249,'庾灵慧','249249','00000048.41','0000-00-00 00:00:00'),(250,'连娟妍','250250','00000079.63','0000-00-00 00:00:00'),(251,'隆丽思','251251','00000082.16','0000-00-00 00:00:00'),(252,'乌淑慧','252252','00000087.21','0000-00-00 00:00:00'),(253,'徐梧桐','253253','00000019.80','0000-00-00 00:00:00'),(254,'宦傲白','254254','00000086.40','0000-00-00 00:00:00'),(255,'宿书慧','255255','00000071.87','0000-00-00 00:00:00'),(256,'宦泓茹','256256','00000048.64','0000-00-00 00:00:00'),(257,'耿悦和','257257','00000000.33','0000-00-00 00:00:00'),(258,'杨腊梅','258258','00000048.85','0000-00-00 00:00:00'),(259,'侯听兰','259259','00000047.81','0000-00-00 00:00:00'),(260,'卢娅思','260260','00000040.79','0000-00-00 00:00:00'),(261,'越欣瑶','261261','00000069.80','0000-00-00 00:00:00'),(262,'益如心','262262','00000037.30','0000-00-00 00:00:00'),(263,'祖知睿','263263','00000074.16','0000-00-00 00:00:00'),(264,'邱思洁','264264','00000081.28','0000-00-00 00:00:00'),(265,'宋妙春','265265','00000091.30','0000-00-00 00:00:00'),(266,'后代玉','266266','00000012.44','0000-00-00 00:00:00'),(267,'芮慕梅','267267','00000083.26','0000-00-00 00:00:00'),(268,'韶琦巧','268268','00000095.33','0000-00-00 00:00:00'),(269,'姜曼荷','269269','00000010.69','0000-00-00 00:00:00'),(270,'璩和静','270270','00000084.97','0000-00-00 00:00:00'),(271,'余薇歌','271271','00000037.25','0000-00-00 00:00:00'),(272,'寿曼妮','272272','00000066.32','0000-00-00 00:00:00'),(273,'贡妍歌','273273','00000055.15','0000-00-00 00:00:00'),(274,'夏语心','274274','00000003.24','0000-00-00 00:00:00'),(275,'容俨雅','275275','00000029.86','0000-00-00 00:00:00'),(276,'郑芳春','276276','00000045.72','0000-00-00 00:00:00'),(277,'郑雅楠','277277','00000039.59','0000-00-00 00:00:00'),(278,'秦丹洁','278278','00000040.27','0000-00-00 00:00:00'),(279,'靳兰芝','279279','00000045.58','0000-00-00 00:00:00'),(280,'郗孤丹','280280','00000026.24','0000-00-00 00:00:00'),(281,'许冷玉','281281','00000080.94','0000-00-00 00:00:00'),(282,'索优悠','282282','00000005.70','0000-00-00 00:00:00'),(283,'温娜娜','283283','00000029.46','0000-00-00 00:00:00'),(284,'辛奥维','284284','00000062.62','0000-00-00 00:00:00'),(285,'储淑婉','285285','00000004.47','0000-00-00 00:00:00'),(286,'弘鹤梅','286286','00000097.26','0000-00-00 00:00:00'),(287,'堵冰香','287287','00000044.77','0000-00-00 00:00:00'),(288,'勾灵雁','288288','00000047.86','0000-00-00 00:00:00'),(289,'农笑妍','289289','00000067.23','0000-00-00 00:00:00'),(290,'池元珊','290290','00000039.84','0000-00-00 00:00:00'),(291,'唐漩沐','291291','00000042.93','0000-00-00 00:00:00'),(292,'糜思艳','292292','00000041.13','0000-00-00 00:00:00'),(293,'郑丹萱','293293','00000054.20','0000-00-00 00:00:00'),(294,'扶丽英','294294','00000011.16','0000-00-00 00:00:00'),(295,'班雨晨','295295','00000082.40','0000-00-00 00:00:00'),(296,'燕桂华','296296','00000072.57','0000-00-00 00:00:00'),(297,'双语梦','297297','00000011.56','0000-00-00 00:00:00'),(298,'能冰凡','298298','00000046.45','0000-00-00 00:00:00'),(299,'晏蕴和','299299','00000061.19','0000-00-00 00:00:00'),(300,'那梦洁','300300','00000080.99','0000-00-00 00:00:00'),(301,'焦忆远','301301','00000006.58','0000-00-00 00:00:00'),(302,'幸如天','302302','00000032.45','0000-00-00 00:00:00'),(303,'文乐珍','303303','00000014.55','0000-00-00 00:00:00'),(304,'逯琼芳','304304','00000026.72','0000-00-00 00:00:00'),(305,'董茗雪','305305','00000063.23','0000-00-00 00:00:00'),(306,'白若菱','306306','00000020.16','0000-00-00 00:00:00'),(307,'邰端懿','307307','00000091.21','0000-00-00 00:00:00'),(308,'弘沁舒','308308','00000015.29','0000-00-00 00:00:00'),(309,'邰乐欣','309309','00000070.10','0000-00-00 00:00:00'),(310,'翟香薇','310310','00000031.40','0000-00-00 00:00:00'),(311,'文润丽','311311','00000085.59','0000-00-00 00:00:00'),(312,'隆曼冬','312312','00000072.39','0000-00-00 00:00:00'),(313,'潘星瞳','313313','00000092.68','0000-00-00 00:00:00'),(314,'林修美','314314','00000078.28','0000-00-00 00:00:00'),(315,'黎含巧','315315','00000065.91','0000-00-00 00:00:00'),(316,'满晶婧','316316','00000010.63','0000-00-00 00:00:00'),(317,'孔兰尹','317317','00000091.15','0000-00-00 00:00:00'),(318,'隗嘉懿','318318','00000010.91','0000-00-00 00:00:00'),(319,'焦松雨','319319','00000054.75','0000-00-00 00:00:00'),(320,'双云梦','320320','00000035.21','0000-00-00 00:00:00'),(321,'勾惜玉','321321','00000054.50','0000-00-00 00:00:00'),(322,'曹又莲','322322','00000093.52','0000-00-00 00:00:00'),(323,'璩芷文','323323','00000065.73','0000-00-00 00:00:00'),(324,'甘倩愉','324324','00000082.90','0000-00-00 00:00:00'),(325,'邓凝安','325325','00000014.48','0000-00-00 00:00:00'),(326,'唐凌波','326326','00000006.78','0000-00-00 00:00:00'),(327,'桓妙梦','327327','00000026.97','0000-00-00 00:00:00'),(328,'聂芳蔼','328328','00000089.00','0000-00-00 00:00:00'),(329,'钱致欣','329329','00000034.89','0000-00-00 00:00:00'),(330,'寇小枫','330330','00000004.67','0000-00-00 00:00:00'),(331,'居妮子','331331','00000006.11','0000-00-00 00:00:00'),(332,'廖怜容','332332','00000082.23','0000-00-00 00:00:00'),(333,'居秀梅','333333','00000043.41','0000-00-00 00:00:00'),(334,'甘水儿','334334','00000054.45','0000-00-00 00:00:00'),(335,'祖凡蕾','335335','00000081.72','0000-00-00 00:00:00'),(336,'索春燕','336336','00000054.00','0000-00-00 00:00:00'),(337,'钟婷婷','337337','00000002.60','0000-00-00 00:00:00'),(338,'苍浩丽','338338','00000064.18','0000-00-00 00:00:00'),(339,'相文敏','339339','00000079.97','0000-00-00 00:00:00'),(340,'冯端雅','340340','00000068.53','0000-00-00 00:00:00'),(341,'叶爱萍','341341','00000020.56','0000-00-00 00:00:00'),(342,'空国萍','342342','00000042.18','0000-00-00 00:00:00'),(343,'卓藤井','343343','00000075.83','0000-00-00 00:00:00'),(344,'贾以寒','344344','00000060.71','0000-00-00 00:00:00'),(345,'吕寒梦','345345','00000016.39','0000-00-00 00:00:00'),(346,'弓凉夏','346346','00000056.31','0000-00-00 00:00:00'),(347,'秦丝雨','347347','00000092.49','0000-00-00 00:00:00'),(348,'习佳思','348348','00000073.83','0000-00-00 00:00:00'),(349,'宁水琼','349349','00000042.46','0000-00-00 00:00:00'),(350,'钟盼芙','350350','00000004.45','0000-00-00 00:00:00'),(351,'武悦人','351351','00000098.86','0000-00-00 00:00:00'),(352,'冉歌阑','352352','00000052.87','0000-00-00 00:00:00'),(353,'鄂海燕','353353','00000000.63','0000-00-00 00:00:00'),(354,'罗玉妍','354354','00000061.38','0000-00-00 00:00:00'),(355,'罗乐珍','355355','00000043.89','0000-00-00 00:00:00'),(356,'须云露','356356','00000042.71','0000-00-00 00:00:00'),(357,'詹白枫','357357','00000043.29','0000-00-00 00:00:00'),(358,'仰光文','358358','00000062.30','0000-00-00 00:00:00'),(359,'吕芦雪','359359','00000090.20','0000-00-00 00:00:00'),(360,'乜三诗','360360','00000074.86','0000-00-00 00:00:00'),(361,'乔静雅','361361','00000027.82','0000-00-00 00:00:00'),(362,'越沐葵','362362','00000077.15','0000-00-00 00:00:00'),(363,'姜玲琳','363363','00000006.64','0000-00-00 00:00:00'),(364,'幸义文','364364','00000052.76','0000-00-00 00:00:00'),(365,'党冷菱','365365','00000047.58','0000-00-00 00:00:00'),(366,'濮芮澜','366366','00000034.59','0000-00-00 00:00:00'),(367,'连舒岚','367367','00000038.87','0000-00-00 00:00:00'),(368,'焦永琴','368368','00000014.75','0000-00-00 00:00:00'),(369,'江寒云','369369','00000037.86','0000-00-00 00:00:00'),(370,'姚乐瑶','370370','00000003.87','0000-00-00 00:00:00'),(371,'古寻桃','371371','00000024.53','0000-00-00 00:00:00'),(372,'漕清舒','372372','00000082.45','0000-00-00 00:00:00'),(373,'何清芬','373373','00000073.78','0000-00-00 00:00:00'),(374,'晏思懿','374374','00000096.25','0000-00-00 00:00:00'),(375,'宁瑞绣','375375','00000005.48','0000-00-00 00:00:00'),(376,'逯思怡','376376','00000092.10','0000-00-00 00:00:00'),(377,'史庭酪','377377','00000041.28','0000-00-00 00:00:00'),(378,'曹皓月','378378','00000024.16','0000-00-00 00:00:00'),(379,'詹珺琪','379379','00000071.17','0000-00-00 00:00:00'),(380,'宫闲丽','380380','00000008.90','0000-00-00 00:00:00'),(381,'慎开琼','381381','00000041.71','0000-00-00 00:00:00'),(382,'公奥雅','382382','00000006.69','0000-00-00 00:00:00'),(383,'冀芸姝','383383','00000024.50','0000-00-00 00:00:00'),(384,'司静槐','384384','00000010.46','0000-00-00 00:00:00'),(385,'利子惠','385385','00000056.76','0000-00-00 00:00:00'),(386,'广惜文','386386','00000017.99','0000-00-00 00:00:00'),(387,'聂安彤','387387','00000007.14','0000-00-00 00:00:00'),(388,'郏映颖','388388','00000002.54','0000-00-00 00:00:00'),(389,'庄虹影','389389','00000005.48','0000-00-00 00:00:00'),(390,'居芸若','390390','00000018.10','0000-00-00 00:00:00'),(391,'苏春桃','391391','00000050.53','0000-00-00 00:00:00'),(392,'扶萍雅','392392','00000079.82','0000-00-00 00:00:00'),(393,'芮平霞','393393','00000083.40','0000-00-00 00:00:00'),(394,'居怡月','394394','00000046.43','0000-00-00 00:00:00'),(395,'魏思懿','395395','00000092.79','0000-00-00 00:00:00'),(396,'詹卿蓉','396396','00000005.58','0000-00-00 00:00:00'),(397,'闻恨蝶','397397','00000012.59','0000-00-00 00:00:00'),(398,'谷秋翠','398398','00000052.81','0000-00-00 00:00:00'),(399,'熊素昕','399399','00000087.53','0000-00-00 00:00:00'),(400,'胡思勖','400400','00000147.15','0000-00-00 00:00:00'),(401,'倪宏','123456','00000067.80','2019-04-18 00:13:09'),(402,'01','01','00000000.00','2019-04-19 00:32:08'),(403,'232132','','00000000.00','2019-04-25 00:16:37'),(404,'Graysom','123456','00000000.00','2019-04-26 00:24:42'),(405,'卍卍','123456','00000000.00','2019-04-26 17:20:41');

/*Table structure for table `register` */

DROP TABLE IF EXISTS `register`;

CREATE TABLE `register` (
  `reg_id` char(6) NOT NULL,
  `catid` char(6) NOT NULL,
  `docid` char(6) NOT NULL,
  `pid` int(3) unsigned zerofill NOT NULL,
  `current_reg_count` int(11) NOT NULL,
  `unreg` tinyint(1) NOT NULL,
  `reg_fee` decimal(8,2) NOT NULL,
  `reg_datetime` datetime NOT NULL DEFAULT CURRENT_TIMESTAMP ON UPDATE CURRENT_TIMESTAMP,
  PRIMARY KEY (`reg_id`),
  KEY `catid` (`catid`),
  KEY `docid` (`docid`),
  KEY `pid` (`pid`),
  CONSTRAINT `register_ibfk_1` FOREIGN KEY (`catid`) REFERENCES `register_category` (`catid`),
  CONSTRAINT `register_ibfk_2` FOREIGN KEY (`docid`) REFERENCES `doctor` (`docid`),
  CONSTRAINT `register_ibfk_3` FOREIGN KEY (`pid`) REFERENCES `patient` (`pid`)
) ENGINE=InnoDB DEFAULT CHARSET=utf8;

/*Data for the table `register` */

/*Table structure for table `register_category` */

DROP TABLE IF EXISTS `register_category`;

CREATE TABLE `register_category` (
  `catid` char(6) NOT NULL,
  `name` char(12) NOT NULL,
  `py` char(4) NOT NULL,
  `depid` char(6) NOT NULL,
  `speciallist` tinyint(1) NOT NULL,
  `max_reg_number` int(11) NOT NULL,
  `reg_fee` decimal(10,2) NOT NULL,
  PRIMARY KEY (`catid`),
  KEY `depid` (`depid`),
  CONSTRAINT `register_category_ibfk_1` FOREIGN KEY (`depid`) REFERENCES `department` (`depid`)
) ENGINE=InnoDB DEFAULT CHARSET=utf8;

/*Data for the table `register_category` */

insert  into `register_category`(`catid`,`name`,`py`,`depid`,`speciallist`,`max_reg_number`,`reg_fee`) values ('001','心血管内科','xinx','01',1,23,'24.70'),('002','心血管内科','xinx','01',0,23,'6.43'),('003','神经内科','shen','01',1,23,'21.29'),('004','神经内科','shen','01',0,23,'9.21'),('005','消化内科','xiao','01',1,17,'58.53'),('006','消化内科','xiao','01',0,17,'14.20'),('007','内分泌科','neif','01',1,16,'47.43'),('008','内分泌科','neif','01',0,16,'10.85'),('009','免疫科','mian','01',1,13,'42.22'),('010','免疫科','mian','01',0,13,'5.19'),('011','呼吸科','huxi','01',1,13,'25.29'),('012','呼吸科','huxi','01',0,13,'14.91'),('013','肾病内科','shen','01',1,15,'57.61'),('014','肾病内科','shen','01',0,15,'6.85'),('015','血液科','xuey','01',1,29,'31.46'),('016','血液科','xuey','01',0,29,'7.63'),('017','感染内科','ganr','01',1,16,'59.69'),('018','感染内科','ganr','01',0,16,'14.49'),('019','过敏反应科','guom','01',1,24,'29.19'),('020','过敏反应科','guom','01',0,24,'8.93'),('021','普通内科','puto','01',1,20,'48.18'),('022','普通内科','puto','01',0,20,'7.32'),('023','神经外科','shen','02',1,13,'29.77'),('024','神经外科','shen','02',0,13,'14.56'),('025','心血管外','xinx','02',1,18,'59.23'),('026','心血管外','xinx','02',0,18,'10.98'),('027','胸外科','xion','02',1,26,'38.17'),('028','胸外科','xion','02',0,26,'5.19'),('029','整形科','zhen','02',1,13,'54.56'),('030','整形科','zhen','02',0,13,'10.99'),('031','乳腺外科','ruxi','02',1,20,'32.12'),('032','乳腺外科','ruxi','02',0,20,'10.87'),('033','泌尿外科','mini','02',1,14,'41.14'),('034','泌尿外科','mini','02',0,14,'13.66'),('035','肝胆外科','gand','02',1,22,'51.14'),('036','肝胆外科','gand','02',0,22,'7.34'),('037','肛肠科','gang','02',1,25,'58.70'),('038','肛肠科','gang','02',0,25,'9.79'),('039','血管外科','xueg','02',1,10,'41.55'),('040','血管外科','xueg','02',0,10,'7.20'),('041','器官移植','qigu','02',1,14,'33.98'),('042','器官移植','qigu','02',0,14,'12.88'),('043','普外科','puwa','02',1,10,'30.86'),('044','普外科','puwa','02',0,10,'8.25'),('045','脑外科','naow','02',1,11,'53.65'),('046','脑外科','naow','02',0,11,'9.79'),('047','烧伤科','shao','02',1,14,'56.72'),('048','烧伤科','shao','02',0,14,'6.73'),('049','妇科','fuke','03',1,19,'30.81'),('050','妇科','fuke','03',0,19,'8.42'),('051','产科','chan','03',1,29,'35.20'),('052','产科','chan','03',0,29,'10.31'),('053','妇科内分','fuke','03',1,24,'55.32'),('054','妇科内分','fuke','03',0,24,'12.35'),('055','妇泌尿科','fumi','03',1,27,'24.27'),('056','妇泌尿科','fumi','03',0,27,'5.86'),('057','遗传咨询','yich','03',1,10,'31.91'),('058','遗传咨询','yich','03',0,10,'9.86'),('059','计划生育','jihu','03',1,20,'49.97'),('060','计划生育','jihu','03',0,20,'9.20'),('061','妇产科','fuch','03',1,26,'46.11'),('062','妇产科','fuch','03',0,26,'10.20'),('063','生殖中心','shen','04',1,27,'55.50'),('064','生殖中心','shen','04',0,27,'12.97'),('065','新生儿科','xins','05',1,11,'22.75'),('066','新生儿科','xins','05',0,11,'6.55'),('067','小儿呼吸科','xiao','05',1,14,'35.51'),('068','小儿呼吸科','xiao','05',0,14,'13.18'),('069','小儿心内科','xiao','05',1,25,'23.34'),('070','小儿心内科','xiao','05',0,25,'14.55'),('071','小儿皮肤科','xiao','05',1,10,'36.77'),('072','小儿皮肤科','xiao','05',0,10,'9.17'),('073','小儿精神科','xiao','05',1,17,'38.10'),('074','小儿精神科','xiao','05',0,17,'11.81'),('075','小儿外科','xiao','05',1,18,'26.00'),('076','小儿外科','xiao','05',0,18,'12.60'),('077','小儿心外科','xiao','05',1,16,'58.71'),('078','小儿心外科','xiao','05',0,16,'14.82'),('079','小儿骨科','xiao','05',1,28,'44.21'),('080','小儿骨科','xiao','05',0,28,'13.45'),('081','小儿康复科','xiao','05',1,27,'55.73'),('082','小儿康复科','xiao','05',0,27,'6.98'),('083','骨科','guke','06',1,14,'36.66'),('084','骨科','guke','06',0,14,'10.19'),('085','脊柱外科','jizh','06',1,17,'20.47'),('086','脊柱外科','jizh','06',0,17,'11.60'),('087','手外科','shou','06',1,28,'57.96'),('088','手外科','shou','06',0,28,'14.53'),('089','创伤骨科','chua','06',1,27,'50.53'),('090','创伤骨科','chua','06',0,27,'5.84'),('091','骨关节科','gugu','06',1,17,'25.14'),('092','骨关节科','gugu','06',0,17,'5.40'),('093','矫形骨科','jiao','06',1,19,'27.20'),('094','矫形骨科','jiao','06',0,19,'8.55'),('095','骨质疏松','guzh','06',1,25,'45.94'),('096','骨质疏松','guzh','06',0,25,'11.39'),('097','骨伤专科','gush','06',1,16,'30.53'),('098','骨伤专科','gush','06',0,16,'10.41'),('099','小儿眼科','xiao','07',1,13,'55.60'),('100','小儿眼科','xiao','07',0,13,'10.74'),('101','眼底','yand','07',1,18,'58.42'),('102','眼底','yand','07',0,18,'6.23'),('103','角膜科','jiao','07',1,14,'26.85'),('104','角膜科','jiao','07',0,14,'6.23'),('105','青光眼','qing','07',1,20,'40.80'),('106','青光眼','qing','07',0,20,'5.40'),('107','白内障','bain','07',1,23,'48.71'),('108','白内障','bain','07',0,23,'13.48'),('109','眼外伤','yanw','07',1,16,'35.85'),('110','眼外伤','yanw','07',0,16,'10.37'),('111','眼眶及肿','yank','07',1,16,'24.65'),('112','眼眶及肿','yank','07',0,16,'11.87'),('113','屈光','qugu','07',1,17,'22.89'),('114','屈光','qugu','07',0,17,'8.81'),('115','眼整形','yanz','07',1,18,'51.10'),('116','眼整形','yanz','07',0,18,'13.10'),('117','中医眼科','zhon','07',1,19,'51.15'),('118','中医眼科','zhon','07',0,19,'9.85'),('119','口腔科','kouq','08',1,11,'24.56'),('120','口腔科','kouq','08',0,11,'14.50'),('121','颌面外科','hemi','08',1,13,'56.74'),('122','颌面外科','hemi','08',0,13,'5.51'),('123','正畸科','zhen','08',1,11,'37.75'),('124','正畸科','zhen','08',0,11,'12.12'),('125','牙体牙髓科','yati','08',1,26,'37.80'),('126','牙体牙髓科','yati','08',0,26,'10.50'),('127','牙周科','yazh','08',1,22,'20.35'),('128','牙周科','yazh','08',0,22,'11.62'),('129','口腔粘膜科','kouq','08',1,12,'47.63'),('130','口腔粘膜科','kouq','08',0,12,'8.12'),('131','儿童口腔科','erto','08',1,25,'27.85'),('132','儿童口腔科','erto','08',0,25,'8.15'),('133','口腔修复科','kouq','08',1,22,'38.58'),('134','口腔修复科','kouq','08',0,22,'12.30'),('135','种植科','zhon','08',1,18,'51.63'),('136','种植科','zhon','08',0,18,'7.84'),('137','口腔预防科','kouq','08',1,20,'26.90'),('138','口腔预防科','kouq','08',0,20,'8.99'),('139','口腔特诊科','kouq','08',1,12,'22.91'),('140','口腔特诊科','kouq','08',0,12,'8.76'),('141','耳鼻喉','erbi','09',1,21,'41.20'),('142','耳鼻喉','erbi','09',0,21,'11.35'),('143','头颈外科','touj','09',1,15,'35.80'),('144','头颈外科','touj','09',0,15,'9.75'),('145','肿瘤内科','zhon','10',1,23,'59.38'),('146','肿瘤内科','zhon','10',0,23,'9.38'),('147','肿瘤外科','zhon','10',1,28,'45.81'),('148','肿瘤外科','zhon','10',0,28,'7.55'),('149','肿瘤妇科','zhon','10',1,22,'37.81'),('150','肿瘤妇科','zhon','10',0,22,'14.67'),('151','放疗科','fang','10',1,23,'42.24'),('152','放疗科','fang','10',0,23,'8.66'),('153','骨肿瘤科','guzh','10',1,29,'23.21'),('154','骨肿瘤科','guzh','10',0,29,'6.22'),('155','肿瘤康复科','zhon','10',1,24,'49.70'),('156','肿瘤康复科','zhon','10',0,24,'9.31'),('157','肿瘤综合科','zhon','10',1,24,'38.67'),('158','肿瘤综合科','zhon','10',0,24,'13.31'),('159','皮肤科','pifu','11',1,14,'32.20'),('160','皮肤科','pifu','11',0,14,'6.28'),('161','男性学科','nanx','12',1,13,'56.45'),('162','男性学科','nanx','12',0,13,'12.76'),('163','皮肤美容','pifu','13',1,13,'50.95'),('164','皮肤美容','pifu','13',0,13,'7.47'),('165','烧伤科','shao','14',1,10,'44.32'),('166','烧伤科','shao','14',0,10,'5.77'),('167','精神科','jing','15',1,24,'47.42'),('168','精神科','jing','15',0,24,'8.70'),('169','心理咨询','xinl','15',1,19,'22.29'),('170','心理咨询','xinl','15',0,19,'12.82'),('171','司法鉴定','sifa','15',1,21,'52.86'),('172','司法鉴定','sifa','15',0,21,'12.16'),('173','双相障碍','shua','15',1,29,'32.40'),('174','双相障碍','shua','15',0,29,'9.93'),('175','药物依赖','yaow','15',1,29,'27.00'),('176','药物依赖','yaow','15',0,29,'6.77'),('177','中医妇产科','zhon','16',1,20,'36.87'),('178','中医妇产科','zhon','16',0,20,'11.23'),('179','中医儿科','zhon','16',1,13,'31.11'),('180','中医儿科','zhon','16',0,13,'12.54'),('181','中医骨科','zhon','16',1,17,'48.42'),('182','中医骨科','zhon','16',0,17,'8.34'),('183','中医皮肤科','zhon','16',1,24,'55.62'),('184','中医皮肤科','zhon','16',0,24,'6.18'),('185','中医内分泌','zhon','16',1,23,'24.64'),('186','中医内分泌','zhon','16',0,23,'13.40'),('187','中医消化科','zhon','16',1,18,'59.45'),('188','中医消化科','zhon','16',0,18,'6.94'),('189','中医呼吸科','zhon','16',1,18,'26.81'),('190','中医呼吸科','zhon','16',0,18,'8.86'),('191','中医肾病内','zhon','16',1,18,'44.80'),('192','中医肾病内','zhon','16',0,18,'11.81'),('193','中医免疫内','zhon','16',1,29,'48.60'),('194','中医免疫内','zhon','16',0,29,'14.30'),('195','中医心内科','zhon','16',1,26,'44.79'),('196','中医心内科','zhon','16',0,26,'10.32'),('197','中医神经内','zhon','16',1,14,'28.54'),('198','中医神经内','zhon','16',0,14,'11.22'),('199','中医肿瘤科','zhon','16',1,16,'57.89'),('200','中医肿瘤科','zhon','16',0,16,'12.71'),('201','中医血液科','zhon','16',1,15,'22.76'),('202','中医血液科','zhon','16',0,15,'7.13'),('203','中医肝病科','zhon','16',1,21,'40.74'),('204','中医肝病科','zhon','16',0,21,'6.50'),('205','中医五官科','zhon','16',1,12,'48.42'),('206','中医五官科','zhon','16',0,12,'13.51'),('207','中医男科','zhon','16',1,11,'25.92'),('208','中医男科','zhon','16',0,11,'13.23'),('209','针灸科','zhen','16',1,10,'53.32'),('210','针灸科','zhen','16',0,10,'10.64'),('211','中医按摩科','zhon','16',1,19,'48.30'),('212','中医按摩科','zhon','16',0,19,'13.11'),('213','中医外科','zhon','16',1,25,'42.95'),('214','中医外科','zhon','16',0,25,'12.57'),('215','中医乳腺外','zhon','16',1,21,'44.81'),('216','中医乳腺外','zhon','16',0,21,'10.90'),('217','中医肛肠科','zhon','16',1,15,'45.17'),('218','中医肛肠科','zhon','16',0,15,'7.13'),('219','中医老年病','zhon','16',1,26,'21.22'),('220','中医老年病','zhon','16',0,26,'7.40'),('221','中医科','zhon','16',1,28,'26.87'),('222','中医科','zhon','16',0,28,'14.81'),('223','中医内科','zhon','16',1,15,'26.65'),('224','中医内科','zhon','16',0,15,'13.22'),('225','中医脾胃科','zhon','16',1,12,'50.89'),('226','中医脾胃科','zhon','16',0,12,'13.23'),('227','膏方门诊','gaof','16',1,24,'30.63'),('228','膏方门诊','gaof','16',0,24,'7.21'),('229','中医骨伤科','zhon','16',1,17,'44.98'),('230','中医骨伤科','zhon','16',0,17,'5.49');

/*!40101 SET SQL_MODE=@OLD_SQL_MODE */;
/*!40014 SET FOREIGN_KEY_CHECKS=@OLD_FOREIGN_KEY_CHECKS */;
/*!40014 SET UNIQUE_CHECKS=@OLD_UNIQUE_CHECKS */;
/*!40111 SET SQL_NOTES=@OLD_SQL_NOTES */;
